<?xml version="1.0"?>
<employee>
<emp>Employee code
<emp>1111</emp>
<em>222</em>
</emp>
<m>Employee Name
<first>First Name
<name>Seema</name>
<name2>Bharathi</name2>
</first>
<last>
last Name
<name3>
Dalvi</name3>
<name4>Mantri</name4>
</last>
</m>
<dj>DOJ
<date1>09/08/97</date1>
<date2>12/01/99</date2>
</dj>
<exp>Total experience
<num>12</num>
<num1>5</num1>
</exp>
<dept>department
<uni>Unit
<num2>3d</num2>
<num3>4a</num3>
</uni>
<loc>loc
<char>Mumbai</char>
<char1>Pune</char1>
</loc>
</dept>
<desi>Designation
<col>1</col>
<col1>2
<empt></empt>
<star4>*</star4>
</col1>
<col2>3</col2>
<col3>4
<star>*</star>
</col3>
<col4>5</col4>
</desi>
<sal>sal
<num4>21000</num4>
<num5>12000</num5>
</sal>
<gra>Grade
<char2>a
<star2></star2>
<star3>*s</star3>
</char2>
<char3>b
<star1>*</star1>
</char3>
<char4>c</char4>
<char5>d</char5>
</gra>
</employee>