<?xml version="1.0"?>
<employee>
<emp>
<empno>7369</empno>
<Ename>Smith</Ename>
<job>clerk</job>
<mgr>7902</mgr>
<hiredate>17-dec-80</hiredate>
<sal>1100</sal>
<comm>200</comm>
<Deptno>20</Deptno>
</emp>
<emp2>
<empno>7499</empno>
<Ename>allen</Ename>
<job>salesman</job>
<mgr>7698</mgr>
<hiredate>20-FEB-81</hiredate>
<sal>1600</sal>
<comm>24820</comm>
<Deptno>30</Deptno>
</emp2>
<emp3>
<empno>7521</empno>
<Ename>ward</Ename>
<job>salesman</job>
<mgr>7698</mgr>
<hiredate>22-FEB-81</hiredate>
<sal>1375</sal>
<comm>19700</comm>
<Deptno>30</Deptno>
</emp3>
<emp4>
<empno>7566</empno>
<Ename>jones</Ename>
<job>manager</job>
<mgr>7839</mgr>
<hiredate>02-APR-81</hiredate>
<sal>3175</sal>
<comm></comm>
<Deptno>20</Deptno>
</emp4>
<emp5>
<empno>7654</empno>
<Ename>martin</Ename>
<job>salesman</job>
<mgr>7698</mgr>
<hiredate>28-SEP-81</hiredate>
<sal>1375</sal>
<comm>20600</comm>
<Deptno>30</Deptno>
</emp5>
<emp6>
<empno>7698</empno>
<Ename>blake</Ename>
<job>manager</job>
<mgr>7839</mgr>
<hiredate>01-MAY-81</hiredate>
<sal>2850</sal>
<comm></comm>
<Deptno>30</Deptno>
</emp6>
<emp7>
<empno>7782</empno>
<Ename>clerk</Ename>
<job>manger</job>
<mgr>7839</mgr>
<hiredate>09-JUNE-81</hiredate>
<sal>2450</sal>
<comm></comm>
<Deptno>10</Deptno>
</emp7>
<emp8>
<empno>7788</empno>
<Ename>scott</Ename>
<job>analyst</job>
<mgr>7566</mgr>
<hiredate>19-APR-87</hiredate>
<sal>2000</sal>
<comm></comm>
<Deptno>20</Deptno>
</emp8>
<emp9>
<empno>7839</empno>
<Ename>king</Ename>
<job>president</job>
<mgr></mgr>
<hiredate>17-NOV-81</hiredate>
<sal>5000</sal>
<comm></comm>
<Deptno>10</Deptno>
</emp9>
<emp10>
<empno>7844</empno>
<Ename>turner</Ename>
<job>salesman</job>
<mgr>7698</mgr>
<hiredate>08-SEP-81</hiredate>
<sal>1650</sal>
<comm>23000</comm>
<Deptno>30</Deptno>
</emp10>
<emp11>
<empno>876</empno>
<Ename>adams</Ename>
<job>clerk</job>
<mgr>7788</mgr>
<hiredate>23-MAY-87</hiredate>
<sal>1430</sal>
<comm>200</comm>
<Deptno>20</Deptno>
</emp11>
<emp12>
<empno>7900</empno>
<Ename>james</Ename>
<job>clerk</job>
<mgr>7698</mgr>
<hiredate>03-DEC-81</hiredate>
<sal>1045</sal>
<comm>200</comm>
<Deptno>30</Deptno>
</emp12>
<emp13>
<empno>7902</empno>
<Ename>ford</Ename>
<job>analyst</job>
<mgr>7566</mgr>
<hiredate>03-DEC-81</hiredate>
<sal>3200</sal>
<comm></comm>
<Deptno>20</Deptno>
</emp13>
<emp14>
<empno>7934</empno>
<Ename>miller</Ename>
<job>clerk</job>
<mgr>7782</mgr>
<hiredate>23-JAN-82</hiredate>
<sal>1430</sal>
<comm>200</comm>
<Deptno>10</Deptno>
</emp14>
</employee>