<?xml version="1.0"?>
<EmployeeDetails>
	<Employee>
		<EmployeeCode>1111</EmployeeCode>
	
		<EmployeeName>
			<FirstName>Seema</FirstName>
			<LastName>Dalvi</LastName>
		</EmployeeName>
		<DOJ>09/08/1997</DOJ>
		<TotalExperience>12</TotalExperience>
		<Department>
			<unit>3d</unit>
			<loc>Mumbai</loc>
		</Department>
		<Designation>
			<d>4</d>
		</Designation>
		<Sal>21000</Sal>
		<Grade>
			<b>b</b>
		</Grade>
	</Employee>
	<Employee>
		<EmployeeCode>1111</EmployeeCode>
	
		<EmployeeName>
			<FirstName>Seema</FirstName>
			<LastName>Dalvi</LastName>
		</EmployeeName>
		<DOJ>09/08/1997</DOJ>
		<TotalExperience>12</TotalExperience>
		<Department>
			<unit>3d</unit>
			<loc>Mumbai</loc>
		</Department>
		<Designation>
			<d>2</d>
		</Designation>
		<Sal>21000</Sal>
		<Grade>
			<g>a</g>
		</Grade>
	</Employee>


</EmployeeDetails>