
<employees xmlns:xsi="http://www.w3.org/2001/XMLSchema-instance" 
      xsi:noNamespaceSchemaLocation="abc.xsd">
	<Employee>
		<Empno>7369</Empno>
		<EName>SMITH</EName>
		<Job>CLERK</Job>
		<MGR>7902</MGR>
		<hiredate>1980-12-17</hiredate>
		<Sal>1100</Sal>
		<Comm>200</Comm>
		<deptno>20</deptno>
	</Employee>
	<Employee>
		<Empno>7499</Empno>
		<EName>ALLEN</EName>
		<Job>SALESMAN</Job>
		<MGR>7698</MGR>
		<hiredate>1981-02-20</hiredate>
		<Sal>1600</Sal>
		<Comm>24820</Comm>
		<deptno>30</deptno>
	</Employee>
	<Employee>
		<Empno>7521</Empno>
		<EName>WARD</EName>
		<Job>SALESMAN</Job>
		<MGR>7698</MGR>
		<hiredate>1981-02-22</hiredate>
		<Sal>1375</Sal>
		<Comm>19700</Comm>
		<deptno>30</deptno>
	</Employee>
	<Employee>
		<Empno>7566</Empno>
		<EName>JONES</EName>
		<Job>MANAGER</Job>
		<MGR>7698</MGR>
		<hiredate>1981-04-02</hiredate>
		<Sal>3175</Sal>
		<Comm></Comm>
		<deptno>20</deptno>
	</Employee>
	<Employee>
		<Empno>7654</Empno>
		<EName>MARTIN</EName>
		<Job>SALESMAN</Job>
		<MGR>7839</MGR>
		<hiredate>1981-09-28</hiredate>
		<Sal>1375</Sal>
		<Comm>20600</Comm>
		<deptno>30</deptno>
	</Employee>
	<Employee>
		<Empno>7698</Empno>
		<EName>BLAKE</EName>
		<Job>MANAGER</Job>
		<MGR>7698</MGR>
		<hiredate>1981-05-01</hiredate>
		<Sal>2850</Sal>
		<Comm></Comm>
		<deptno>30</deptno>
	</Employee>
	<Employee>
		<Empno>7782</Empno>
		<EName>CLARK</EName>
		<Job>MANAGER</Job>
		<MGR>7839</MGR>
		<hiredate>1981-06-09</hiredate>
		<Sal>2450</Sal>
		<Comm></Comm>
		<deptno>10</deptno>
	</Employee>
	<Employee>
		<Empno>7788</Empno>
		<EName>SCOTT</EName>
		<Job>ANALYST</Job>
		<MGR>7566</MGR>
		<hiredate>1987-04-19</hiredate>
		<Sal>2000</Sal>
		<Comm></Comm>
		<deptno>20</deptno>
	</Employee>
	<Employee>
		<Empno>7839</Empno>
		<EName>KING</EName>
		<Job>PRESIDENT</Job>
		<MGR></MGR>
		<hiredate>1981-11-17</hiredate>
		<Sal>5000</Sal>
		<Comm></Comm>
		<deptno>10</deptno>
	</Employee>
	<Employee>
		<Empno>7844</Empno>
		<EName>TURNER</EName>
		<Job>SALESMAN</Job>
		<MGR>7698</MGR>
		<hiredate>1981-09-08</hiredate>
		<Sal>1650</Sal>
		<Comm>23000</Comm>
		<deptno>30</deptno>
	</Employee>
	<Employee>
		<Empno>876</Empno>
		<EName>ADAMS</EName>
		<Job>CLERK</Job>
		<MGR>7788</MGR>
		<hiredate>87-05-23</hiredate>
		<Sal>1430</Sal>
		<Comm>200</Comm>
		<deptno>20</deptno>
	</Employee>
	<Employee>
		<Empno>7900</Empno>
		<EName>JAMES</EName>
		<Job>CLERK</Job>
		<MGR>7698</MGR>
		<hiredate>81-12-03</hiredate>
		<Sal>1045</Sal>
		<Comm>200</Comm>
		<deptno>30</deptno>
	</Employee>
	<Employee>
		<Empno>7902</Empno>
		<EName>FORD</EName>
		<Job>ANALYST</Job>
		<MGR>7566</MGR>
		<hiredate>81-12-03</hiredate>
		<Sal>3200</Sal>
		<Comm></Comm>
		<deptno>20</deptno>
	</Employee>
	<Employee>
		<Empno>7934</Empno>
		<EName>MILLER</EName>
		<Job>CLERK</Job>
		<MGR>7782</MGR>
		<hiredate>82-01-23</hiredate>
		<Sal>1430</Sal>
		<Comm>200</Comm>
		<deptno>10</deptno>
	</Employee>	
</employees>