<?xml version="1.0" encoding="ISO-8859-1"?>
<EmployeeDetails>
<empdata>
<emp_code>1111</emp_code>
<employee_name>
<first_name>Seema</first_name>
<last_name>Dalvi</last_name>
</employee_name>
<DOJ>09/08/97</DOJ>
<totalexperience>12</totalexperience>
<department>
<unit>3d</unit>
<loc>Mumbai</loc>
</department>
<designation>
<1></1><2></2><3></3><4>*</4><5></5>
</designation>
<sal>21000</sal>
<grade>
<a></a>
<b>*</b>
<c></c>
<d></d>
</grade>
</empdata>

<empdata>
<emp_code>222</emp_code>
<employee_name>
<first_name>Bharti</first_name>
<last_name>Mantri</last_name>
</employee_name>
<DOJ>12/01/99</DOJ>
<totalexperience>5</totalexperience>
<department>
<unit>4a</unit>
<loc>Pune</loc>
</department>

<designation>
<1></1>
<2>*</2>
<3></3>
<4></4>
<5></5>
</designation>
<sal>12000</sal>
<grade>
<a>*</a>
<b></b>
<c></c>
<d></d>
</grade>
</empdata>
</EmployeeDetails>