<?xml version="1.0" encoding="ISO-8859-1"?>
<emaildata>
	<info>
		<To>kuldeep singh</To>
		<From>abhishek</From>
		<CC>adan khan</CC>
		<BCC>abhishek joshi</BCC>
		<SUBJECT>light bill</SUBJECT>
		<BODY>your light bill is pending please fill the amount</BODY>
	</info>

	<info>
		<To>abhishek</To>
		<From>kuldeep singh</From>
		<CC>adan khan</CC>
		<BCC>abhishek joshi</BCC>
		<SUBJECT>book bill</SUBJECT>
		<BODY>your due amount of book is pending</BODY>
	</info>

	<info>
		<To >adan khan</To>
		<From>kuldeep singh</From>
		<CC>abhishek</CC>
		<BCC>abhishek joshi</BCC>
		<SUBJECT>you have amount to collect</SUBJECT>
		<BODY>please collect your funds from me</BODY>
	</info>
	
</emaildata>
